{"train_loss": [2.181500926793991, 0.29148197743001125, 0.11452014405311883, 0.08753645712421912, 0.06657610090388641, 0.05078372855606982, 0.03908246295062651], "val_loss": [0.3715799627420695, 0.150850392797071, 0.10182725119343757, 0.09412714055455897, 0.0960154532323308, 0.10854951696993616, 0.11323731259756681], "val_accuracy": [0.09782608695652174, 0.49184782608695654, 0.6739130434782609, 0.7391304347826086, 0.7404891304347826, 0.7622282608695652, 0.7771739130434783], "learning_rates": [8.26e-06, 1.652e-05, 1.916087516087516e-05, 1.862934362934363e-05, 1.80978120978121e-05, 1.7566280566280567e-05, 1.7034749034749038e-05]}